-- phpMyAdmin SQL Dump
-- version 5.2.1
-- https://www.phpmyadmin.net/
--
-- Host: 127.0.0.1
-- Generation Time: Mar 19, 2025 at 08:12 PM
-- Server version: 10.4.32-MariaDB
-- PHP Version: 8.2.12

SET SQL_MODE = "NO_AUTO_VALUE_ON_ZERO";
START TRANSACTION;
SET time_zone = "+00:00";


/*!40101 SET @OLD_CHARACTER_SET_CLIENT=@@CHARACTER_SET_CLIENT */;
/*!40101 SET @OLD_CHARACTER_SET_RESULTS=@@CHARACTER_SET_RESULTS */;
/*!40101 SET @OLD_COLLATION_CONNECTION=@@COLLATION_CONNECTION */;
/*!40101 SET NAMES utf8mb4 */;

--
-- Database: `online_shop`
--

DELIMITER $$
--
-- Procedures
--
CREATE DEFINER=`root`@`localhost` PROCEDURE `addToCart` ()   BEGIN
	-- Declare variables
	DECLARE var_customer_id INT;
	DECLARE var_product_id INT;
	DECLARE var_quantity INT;
	DECLARE var_check INT;
        DECLARE var_inserted_on TIMESTAMP;
        DECLARE var_interval INT;

	-- Get data
	SET var_customer_id = (SELECT customer_id FROM customers
							ORDER BY RAND()
							LIMIT 1);
							
	SET var_product_id = (SELECT product_id FROM products
							ORDER BY RAND()
							LIMIT 1);

	SET var_quantity =  FLOOR(RAND()*10+1);
        
        SET var_interval = FLOOR(80 + RAND()*440);
        SET var_inserted_on = SUBDATE(CURRENT_TIMESTAMP, INTERVAL var_interval DAY);


	
        -- Insert data
	INSERT INTO shopping_cart(customer_id, product_id, quantity, inserted_on)
	VALUES(var_customer_id, var_product_id, var_quantity, var_inserted_on)
	ON DUPLICATE KEY
	UPDATE quantity = quantity + VALUES(quantity);

END$$

CREATE DEFINER=`root`@`localhost` PROCEDURE `placeOrder` ()   BEGIN
	-- Declare variables
	DECLARE var_customer_id INT;
        DECLARE var_order_number INT;
        DECLARE var_payment_id INT;
        DECLARE var_address_id INT;
        DECLARE var_placed_on TIMESTAMP;
        DECLARE var_interval INT;
	
	-- Select random customer
	SELECT customer_id INTO var_customer_id
	FROM shopping_cart
	ORDER BY RAND()
	LIMIT 1;

       -- Generate order number
       SET var_order_number = FLOOR(100000 + RAND() * 999999);
       SET var_payment_id = getPaymentId(var_customer_id);
       SET var_address_id = getAddressId(var_customer_id);
       SET var_interval = FLOOR(80 + RAND()*440);
       SET var_placed_on = SUBDATE(CURRENT_TIMESTAMP, INTERVAL var_interval DAY);
	
	-- Place order
	INSERT INTO orders (order_number, customer_id, product_id, quantity, unit_price, placed_on, payment_id, address_id)
	SELECT var_order_number, var_customer_id, product_id, quantity, unit_price, var_placed_on, var_payment_id, var_address_id
        FROM shopping_cart_view
        WHERE customer_id = var_customer_id;
	
	-- Remove rows from shopping_cart
	DELETE FROM shopping_cart
        WHERE customer_id = var_customer_id;
END$$

CREATE DEFINER=`root`@`localhost` PROCEDURE `shoppingEvent` (IN `var_add_to_cart` INT, `var_place_order` INT)   BEGIN

FOR i IN 1..var_add_to_cart
DO
	CALL addToCart();
END FOR;

FOR j IN 1..var_place_order
DO
    CALL placeOrder();
END FOR;
END$$

--
-- Functions
--
CREATE DEFINER=`root`@`localhost` FUNCTION `age` (`birthdate` DATE) RETURNS INT(11)  RETURN TIMESTAMPDIFF(YEAR, birthdate, CURRENT_DATE)$$

CREATE DEFINER=`root`@`localhost` FUNCTION `customer_level` (`var_total_spent` DECIMAL(42,2)) RETURNS VARCHAR(20) CHARSET utf8mb4 COLLATE utf8mb4_general_ci DETERMINISTIC BEGIN
	DECLARE var_customer_level VARCHAR(20);
    
    IF var_total_spent >= 1000 THEN
    	SET var_customer_level = 'SILVER';
	ELSE SET var_customer_level = 'BASIC';
    END IF;
    RETURN (var_customer_level);
    
END$$

CREATE DEFINER=`root`@`localhost` FUNCTION `getAddressId` (`var_customer_id` INT) RETURNS INT(11) DETERMINISTIC BEGIN
	DECLARE var_address_id INT;
	
	SELECT address_id INTO var_address_id
	FROM customer_addresses
	WHERE customer_id = var_customer_id
	ORDER BY RAND()
	LIMIT 1;
	
	RETURN (var_address_id);
END$$

CREATE DEFINER=`root`@`localhost` FUNCTION `getPaymentId` (`var_customer_id` INT) RETURNS INT(11) DETERMINISTIC BEGIN
	DECLARE var_payment_id INT;
	
	SELECT payment_id INTO var_payment_id
	FROM customer_payments
	WHERE customer_id = var_customer_id
	ORDER BY RAND()
	LIMIT 1;
	
	RETURN (var_payment_id);
END$$

DELIMITER ;

-- --------------------------------------------------------

--
-- Table structure for table `addresses`
--

CREATE TABLE `addresses` (
  `address_id` int(11) NOT NULL,
  `customer_id` int(11) DEFAULT NULL,
  `direction` varchar(100) DEFAULT NULL,
  `location` varchar(100) DEFAULT NULL,
  `country` varchar(100) DEFAULT NULL,
  `zip_code` varchar(100) DEFAULT NULL
) ENGINE=InnoDB DEFAULT CHARSET=utf8mb4 COLLATE=utf8mb4_general_ci;

--
-- Dumping data for table `addresses`
--

INSERT INTO `addresses` (`address_id`, `customer_id`, `direction`, `location`, `country`, `zip_code`) VALUES
(1, 1, 'Paseo Moreras, 15', 'Maó', 'Spain', '07702'),
(2, 1, 'Main Street, 3', 'London', 'United Kingdom', 'S234 A51'),
(3, 2, 'Carrer Nou, 21', 'Fornells', 'Spain', '07736'),
(4, 2, 'Royal Avenue, 13', 'Manchester', 'United Kingdom', 'A345 T27'),
(5, 3, 'Brick Town, 9', 'Oklahoma City', 'United States', '7748OK'),
(6, 4, 'Liberty City, 71', 'New York', 'United States', '1547PR'),
(7, 4, 'Thunder Avenue, 55', 'Oklahoma City', 'United States', '7748OK'),
(8, 4, 'Kartofeln Street, 1', 'Koln', 'Germany', 'S2345'),
(9, 5, 'Cheddar Avenue, 7', 'Minnesota', 'United States', '8425MN'),
(10, 6, 'Saviors, 21', 'Oklahoma City', 'United States', '7747OK'),
(11, 7, 'Calle Mayor, 11', 'Albacete', 'Spain', '96653'),
(12, 8, 'MVP Avenue, 2', 'Las Vegas', 'United States', '0469LV'),
(13, 8, 'Brick Town, 7', 'Oklahoma City', 'United States', '7748OK'),
(14, 9, 'Dorture Chamber, 5', 'Tulsa', 'United States', '7704OK'),
(15, 10, 'Brick Town, 8', 'Oklahoma City', 'United States', '7748OK');

-- --------------------------------------------------------

--
-- Table structure for table `categories`
--

CREATE TABLE `categories` (
  `category_id` int(11) NOT NULL,
  `category_name` varchar(100) DEFAULT NULL,
  `parent_category_id` int(11) DEFAULT NULL
) ENGINE=InnoDB DEFAULT CHARSET=utf8mb4 COLLATE=utf8mb4_general_ci;

--
-- Dumping data for table `categories`
--

INSERT INTO `categories` (`category_id`, `category_name`, `parent_category_id`) VALUES
(1, 'Gaming', 4),
(2, 'PSN', 4),
(3, 'Xbox', 4),
(4, 'Steam', 2),
(5, 'Epic Games', 2),
(6, 'Keyboards', 2),
(7, 'Mouses', 2),
(8, 'Monitors', 2),
(9, 'Android', 3),
(10, 'iPhone', 3),
(11, 'Smart Watches', 3);

-- --------------------------------------------------------

--
-- Stand-in structure for view `categories_view`
-- (See below for the actual view)
--
CREATE TABLE `categories_view` (
`category_id` int(11)
,`parent_category_id` int(11)
,`category_name` varchar(100)
,`parent_category_name` varchar(100)
);

-- --------------------------------------------------------

--
-- Table structure for table `customers`
--

CREATE TABLE `customers` (
  `customer_id` int(11) NOT NULL,
  `forename` varchar(100) NOT NULL,
  `surname` varchar(100) NOT NULL,
  `nif` varchar(100) NOT NULL,
  `email` varchar(100) NOT NULL,
  `phone` varchar(100) NOT NULL,
  `birthdate` date DEFAULT NULL
) ENGINE=InnoDB DEFAULT CHARSET=utf8mb4 COLLATE=utf8mb4_general_ci;

--
-- Dumping data for table `customers`
--

INSERT INTO `customers` (`customer_id`, `forename`, `surname`, `nif`, `email`, `phone`, `birthdate`) VALUES
(1, 'Jon', 'Eidson', '21212458F', 'jon@gmail.com', '+34 613121415', '1997-06-19'),
(2, 'John', 'Smith', '31321131G', 'john@gmail.com', '+34 611215162', '2000-11-12'),
(3, 'Alex', 'Caruso', '42365432D', 'acaruso@gmail.com', '+34 658744496', '1994-10-30'),
(4, 'Isaiah', 'Hartenstein', '84475662G', 'ihart@gmail.com', '+34 632147856', '1999-05-06'),
(5, 'Chet', 'Holmgren', '87432243T', 'chet@gmail.com', '+34 687221158', '1969-01-14'),
(6, 'Aaron', 'Wiggins', '41515648B', 'awiggs@gmail.com', '+34 611859754', '2004-02-29'),
(7, 'Isaiah', 'Joe', '51248869X', 'izai@gmail.com', '+34 655200788', '2004-03-21'),
(8, 'Shai', 'Gilgeous-Alexander', '55217748S', 'sga@gmail.com', '+34 699578410', '1998-09-16'),
(9, 'Luguentz', 'Dort', '55289677L', 'lubeast@gmail.com', '+34 611098862', '2004-08-30'),
(10, 'Jalen', 'Williams', '41213377W', 'jdub@gmail.com', '+34 601227399', '2008-12-31');

-- --------------------------------------------------------

--
-- Stand-in structure for view `customers_total_income_view`
-- (See below for the actual view)
--
CREATE TABLE `customers_total_income_view` (
`customer_id` int(11)
,`forename` varchar(100)
,`surname` varchar(100)
,`total_income` decimal(42,2)
);

-- --------------------------------------------------------

--
-- Table structure for table `customer_addresses`
--

CREATE TABLE `customer_addresses` (
  `customer_id` int(11) NOT NULL,
  `address_id` int(11) NOT NULL,
  `default_address` tinyint(1) DEFAULT NULL
) ENGINE=InnoDB DEFAULT CHARSET=utf8mb4 COLLATE=utf8mb4_general_ci;

--
-- Dumping data for table `customer_addresses`
--

INSERT INTO `customer_addresses` (`customer_id`, `address_id`, `default_address`) VALUES
(1, 1, 0),
(1, 2, 1),
(2, 3, 0),
(2, 4, 1),
(3, 5, 1),
(4, 6, 0),
(4, 7, 1),
(4, 8, 0),
(5, 9, 1),
(6, 10, 1),
(7, 11, 1),
(8, 12, 0),
(8, 13, 1),
(9, 14, 1),
(10, 15, 1);

-- --------------------------------------------------------

--
-- Table structure for table `customer_payments`
--

CREATE TABLE `customer_payments` (
  `customer_id` int(11) NOT NULL,
  `payment_id` int(11) NOT NULL
) ENGINE=InnoDB DEFAULT CHARSET=utf8mb4 COLLATE=utf8mb4_general_ci;

--
-- Dumping data for table `customer_payments`
--

INSERT INTO `customer_payments` (`customer_id`, `payment_id`) VALUES
(1, 1),
(1, 2),
(2, 1),
(2, 3),
(3, 2),
(4, 1),
(4, 2),
(4, 3),
(5, 1),
(6, 1),
(7, 2),
(7, 3),
(8, 3),
(9, 1),
(10, 1),
(10, 2);

-- --------------------------------------------------------

--
-- Table structure for table `orders`
--

CREATE TABLE `orders` (
  `order_number` int(11) NOT NULL,
  `customer_id` int(11) NOT NULL,
  `product_id` int(11) NOT NULL,
  `quantity` int(11) DEFAULT NULL,
  `unit_price` decimal(10,2) DEFAULT NULL,
  `placed_on` timestamp NOT NULL DEFAULT current_timestamp(),
  `payment_id` int(11) DEFAULT NULL,
  `address_id` int(11) DEFAULT NULL
) ENGINE=InnoDB DEFAULT CHARSET=utf8mb4 COLLATE=utf8mb4_general_ci;

--
-- Dumping data for table `orders`
--

INSERT INTO `orders` (`order_number`, `customer_id`, `product_id`, `quantity`, `unit_price`, `placed_on`, `payment_id`, `address_id`) VALUES
(100592, 7, 18, 1, 20.00, '2025-03-13 16:54:42', 3, 11),
(100592, 7, 19, 7, 7.99, '2025-03-13 16:54:42', 3, 11),
(102773, 2, 6, 12, 44.99, '2024-09-23 15:21:40', 1, 3),
(102773, 2, 8, 3, 124.99, '2024-09-23 15:21:40', 1, 3),
(102773, 2, 13, 15, 20.00, '2024-09-23 15:21:40', 1, 3),
(102773, 2, 17, 3, 50.00, '2024-09-23 15:21:40', 1, 3),
(102773, 2, 18, 1, 20.00, '2024-09-23 15:21:40', 1, 3),
(105929, 7, 3, 1, 76.99, '2025-03-13 16:54:42', 3, 11),
(105929, 7, 17, 2, 50.00, '2025-03-13 16:54:42', 3, 11),
(116396, 6, 9, 5, 99.70, '2024-12-09 17:36:40', 1, 10),
(116396, 6, 12, 5, 50.00, '2024-12-09 17:36:40', 1, 10),
(116396, 6, 14, 10, 10.00, '2024-12-09 17:36:40', 1, 10),
(116396, 6, 15, 4, 28.99, '2024-12-09 17:36:40', 1, 10),
(116396, 6, 21, 8, 80.00, '2024-12-09 17:36:40', 1, 10),
(116396, 6, 25, 2, 20.00, '2024-12-09 17:36:40', 1, 10),
(116645, 4, 12, 3, 50.00, '2024-07-02 15:33:40', 1, 7),
(116645, 4, 18, 9, 20.00, '2024-07-02 15:33:40', 1, 7),
(121225, 10, 5, 10, 16.99, '2024-12-10 18:51:40', 1, 15),
(121225, 10, 15, 6, 28.99, '2024-12-10 18:51:40', 1, 15),
(121225, 10, 17, 7, 50.00, '2024-12-10 18:51:40', 1, 15),
(121225, 10, 19, 3, 7.99, '2024-12-10 18:51:40', 1, 15),
(121225, 10, 25, 5, 20.00, '2024-12-10 18:51:40', 1, 15),
(131818, 10, 1, 9, 450.00, '2024-04-15 15:27:40', 2, 15),
(133971, 5, 4, 7, 56.99, '2024-06-14 15:26:40', 1, 9),
(133971, 5, 12, 9, 50.00, '2024-06-14 15:26:40', 1, 9),
(137299, 4, 1, 1, 450.00, '2024-12-13 19:06:40', 1, 7),
(137299, 4, 5, 6, 16.99, '2024-12-13 19:06:40', 1, 7),
(137299, 4, 8, 1, 124.99, '2024-12-13 19:06:40', 1, 7),
(137299, 4, 9, 3, 99.70, '2024-12-13 19:06:40', 1, 7),
(137299, 4, 13, 3, 20.00, '2024-12-13 19:06:40', 1, 7),
(137299, 4, 18, 5, 20.00, '2024-12-13 19:06:40', 1, 7),
(142490, 5, 21, 10, 80.00, '2024-08-10 15:28:40', 1, 9),
(153496, 6, 7, 6, 15.99, '2023-10-26 16:51:40', 1, 10),
(153496, 6, 12, 2, 50.00, '2023-10-26 16:51:40', 1, 10),
(162413, 6, 19, 6, 7.99, '2023-11-18 16:38:40', 1, 10),
(162413, 6, 22, 1, 50.00, '2023-11-18 16:38:40', 1, 10),
(166210, 8, 1, 8, 450.00, '2024-04-01 15:20:40', 3, 13),
(166210, 8, 15, 2, 28.99, '2024-04-01 15:20:40', 3, 13),
(166210, 8, 22, 5, 50.00, '2024-04-01 15:20:40', 3, 13),
(170387, 8, 6, 1, 44.99, '2024-04-02 15:48:40', 3, 13),
(170387, 8, 8, 15, 124.99, '2024-04-02 15:48:40', 3, 13),
(170387, 8, 12, 9, 50.00, '2024-04-02 15:48:40', 3, 13),
(173077, 7, 11, 8, 274.98, '2024-07-20 15:24:40', 3, 11),
(185109, 3, 3, 7, 76.99, '2023-11-15 16:48:40', 2, 5),
(186737, 1, 15, 4, 28.99, '2024-08-10 15:30:40', 1, 2),
(186737, 1, 18, 5, 20.00, '2024-08-10 15:30:40', 1, 2),
(186737, 1, 20, 14, 19.99, '2024-08-10 15:30:40', 1, 2),
(186947, 10, 7, 7, 15.99, '2024-05-31 15:46:40', 1, 15),
(188143, 9, 11, 4, 274.98, '2024-05-05 15:41:40', 1, 14),
(188143, 9, 20, 9, 19.99, '2024-05-05 15:41:40', 1, 14),
(201401, 2, 7, 6, 15.99, '2024-04-04 16:06:40', 3, 4),
(201401, 2, 8, 2, 124.99, '2024-04-04 16:06:40', 3, 4),
(201401, 2, 19, 1, 7.99, '2024-04-04 16:06:40', 3, 4),
(204742, 2, 3, 1, 76.99, '2023-12-02 16:45:40', 1, 3),
(204742, 2, 18, 8, 20.00, '2023-12-02 16:45:40', 1, 3),
(208299, 4, 5, 2, 16.99, '2024-04-12 15:21:40', 2, 7),
(210736, 2, 10, 6, 1089.00, '2024-05-15 15:24:40', 1, 3),
(210736, 2, 16, 4, 99.99, '2024-05-15 15:24:40', 1, 3),
(231423, 9, 5, 7, 16.99, '2025-03-17 14:46:40', 1, 14),
(231423, 9, 8, 7, 124.99, '2025-03-17 14:46:40', 1, 14),
(231423, 9, 12, 17, 50.00, '2025-03-17 14:46:40', 1, 14),
(231423, 9, 17, 6, 50.00, '2025-03-17 14:46:40', 1, 14),
(243487, 5, 2, 8, 380.00, '2024-03-15 18:06:40', 1, 9),
(243487, 5, 6, 2, 44.99, '2024-03-15 18:06:40', 1, 9),
(243487, 5, 16, 1, 99.99, '2024-03-15 18:06:40', 1, 9),
(243487, 5, 22, 8, 50.00, '2024-03-15 18:06:40', 1, 9),
(252752, 8, 1, 10, 450.00, '2023-10-26 15:43:40', 3, 13),
(265799, 10, 1, 3, 450.00, '2025-03-13 16:48:03', 1, 15),
(265799, 10, 4, 1, 56.99, '2025-03-13 16:48:03', 1, 15),
(265799, 10, 5, 2, 16.99, '2025-03-13 16:48:03', 1, 15),
(265799, 10, 6, 16, 44.99, '2025-03-13 16:48:03', 1, 15),
(265799, 10, 8, 9, 124.99, '2025-03-13 16:48:03', 1, 15),
(265799, 10, 12, 7, 50.00, '2025-03-13 16:48:03', 1, 15),
(265799, 10, 15, 9, 28.99, '2025-03-13 16:48:03', 1, 15),
(265799, 10, 25, 4, 20.00, '2025-03-13 16:48:03', 1, 15),
(266337, 10, 12, 7, 50.00, '2024-07-14 15:28:40', 2, 15),
(271552, 3, 19, 1, 7.99, '2024-03-06 16:28:40', 2, 5),
(271552, 3, 21, 4, 80.00, '2024-03-06 16:28:40', 2, 5),
(278570, 1, 14, 8, 10.00, '2024-04-23 15:32:40', 2, 1),
(278570, 1, 16, 1, 99.99, '2024-04-23 15:32:40', 2, 1),
(278570, 1, 18, 7, 20.00, '2024-04-23 15:32:40', 2, 1),
(280154, 9, 1, 3, 450.00, '2025-03-17 14:47:40', 1, 14),
(280154, 9, 12, 3, 50.00, '2025-03-17 14:47:40', 1, 14),
(280154, 9, 15, 3, 28.99, '2025-03-17 14:47:40', 1, 14),
(280154, 9, 16, 8, 99.99, '2025-03-17 14:47:40', 1, 14),
(280154, 9, 19, 7, 7.99, '2025-03-17 14:47:40', 1, 14),
(281775, 3, 6, 7, 44.99, '2025-03-17 14:51:40', 2, 5),
(281775, 3, 8, 3, 124.99, '2025-03-17 14:51:40', 2, 5),
(281775, 3, 9, 6, 99.70, '2025-03-17 14:51:40', 2, 5),
(281775, 3, 11, 5, 274.98, '2025-03-17 14:51:40', 2, 5),
(281775, 3, 13, 6, 20.00, '2025-03-17 14:51:40', 2, 5),
(281775, 3, 17, 2, 50.00, '2025-03-17 14:51:40', 2, 5),
(281775, 3, 24, 7, 50.00, '2025-03-17 14:51:40', 2, 5),
(290353, 9, 1, 3, 450.00, '2024-06-29 16:51:40', 1, 14),
(290353, 9, 4, 6, 56.99, '2024-06-29 16:51:40', 1, 14),
(290353, 9, 12, 7, 50.00, '2024-06-29 16:51:40', 1, 14),
(290353, 9, 20, 7, 19.99, '2024-06-29 16:51:40', 1, 14),
(296786, 2, 19, 6, 7.99, '2025-03-17 14:20:16', 1, 3),
(299724, 2, 24, 5, 50.00, '2024-08-07 15:33:40', 3, 4),
(301814, 3, 24, 4, 50.00, '2024-08-17 15:25:40', 2, 5),
(302456, 7, 1, 7, 450.00, '2024-01-30 16:32:40', 3, 11),
(306422, 1, 2, 4, 380.00, '2025-03-17 14:45:40', 2, 2),
(306422, 1, 3, 1, 76.99, '2025-03-17 14:45:40', 2, 2),
(306422, 1, 4, 7, 56.99, '2025-03-17 14:45:40', 2, 2),
(306422, 1, 5, 10, 16.99, '2025-03-17 14:45:40', 2, 2),
(306422, 1, 7, 10, 15.99, '2025-03-17 14:45:40', 2, 2),
(306422, 1, 9, 10, 99.70, '2025-03-17 14:45:40', 2, 2),
(306422, 1, 11, 8, 274.98, '2025-03-17 14:45:40', 2, 2),
(306422, 1, 14, 2, 10.00, '2025-03-17 14:45:40', 2, 2),
(306422, 1, 15, 2, 28.99, '2025-03-17 14:45:40', 2, 2),
(306422, 1, 19, 1, 7.99, '2025-03-17 14:45:40', 2, 2),
(306422, 1, 21, 8, 80.00, '2025-03-17 14:45:40', 2, 2),
(306422, 1, 23, 4, 20.00, '2025-03-17 14:45:40', 2, 2),
(306422, 1, 24, 8, 50.00, '2025-03-17 14:45:40', 2, 2),
(309487, 10, 25, 4, 20.00, '2023-11-02 16:13:40', 1, 15),
(310871, 3, 3, 1, 76.99, '2023-11-30 16:33:40', 2, 5),
(317526, 10, 21, 8, 80.00, '2024-05-08 15:42:40', 2, 15),
(325569, 10, 1, 8, 450.00, '2024-01-18 17:51:40', 1, 15),
(325569, 10, 8, 5, 124.99, '2024-01-18 17:51:40', 1, 15),
(325569, 10, 13, 1, 20.00, '2024-01-18 17:51:40', 1, 15),
(325569, 10, 23, 4, 20.00, '2024-01-18 17:51:40', 1, 15),
(327726, 9, 18, 9, 20.00, '2025-03-17 15:06:40', 1, 14),
(329673, 9, 4, 2, 56.99, '2025-03-13 17:08:41', 1, 14),
(329673, 9, 5, 1, 16.99, '2025-03-13 17:08:41', 1, 14),
(329673, 9, 6, 19, 44.99, '2025-03-13 17:08:41', 1, 14),
(329673, 9, 7, 10, 15.99, '2025-03-13 17:08:41', 1, 14),
(329673, 9, 9, 5, 99.70, '2025-03-13 17:08:41', 1, 14),
(329673, 9, 11, 6, 274.98, '2025-03-13 17:08:41', 1, 14),
(329673, 9, 16, 2, 99.99, '2025-03-13 17:08:41', 1, 14),
(329673, 9, 17, 3, 50.00, '2025-03-13 17:08:41', 1, 14),
(329673, 9, 18, 7, 20.00, '2025-03-13 17:08:41', 1, 14),
(329673, 9, 21, 3, 80.00, '2025-03-13 17:08:41', 1, 14),
(329673, 9, 24, 3, 50.00, '2025-03-13 17:08:41', 1, 14),
(342254, 4, 3, 11, 76.99, '2025-03-17 14:47:40', 1, 7),
(342254, 4, 12, 6, 50.00, '2025-03-17 14:47:40', 1, 7),
(342254, 4, 17, 10, 50.00, '2025-03-17 14:47:40', 1, 7),
(343830, 2, 12, 7, 50.00, '2024-06-28 16:21:40', 1, 3),
(343830, 2, 17, 13, 50.00, '2024-06-28 16:21:40', 1, 3),
(353950, 9, 3, 8, 76.99, '2024-06-30 16:21:40', 1, 14),
(353950, 9, 4, 10, 56.99, '2024-06-30 16:21:40', 1, 14),
(353950, 9, 9, 6, 99.70, '2024-06-30 16:21:40', 1, 14),
(353950, 9, 14, 3, 10.00, '2024-06-30 16:21:40', 1, 14),
(353950, 9, 17, 5, 50.00, '2024-06-30 16:21:40', 1, 14),
(353950, 9, 20, 9, 19.99, '2024-06-30 16:21:40', 1, 14),
(359709, 6, 3, 2, 76.99, '2025-03-17 14:51:40', 1, 10),
(359709, 6, 4, 15, 56.99, '2025-03-17 14:51:40', 1, 10),
(359709, 6, 5, 10, 16.99, '2025-03-17 14:51:40', 1, 10),
(359709, 6, 12, 5, 50.00, '2025-03-17 14:51:40', 1, 10),
(359709, 6, 14, 7, 10.00, '2025-03-17 14:51:40', 1, 10),
(359709, 6, 15, 9, 28.99, '2025-03-17 14:51:40', 1, 10),
(359709, 6, 18, 2, 20.00, '2025-03-17 14:51:40', 1, 10),
(359709, 6, 22, 8, 50.00, '2025-03-17 14:51:40', 1, 10),
(359709, 6, 24, 3, 50.00, '2025-03-17 14:51:40', 1, 10),
(359709, 6, 25, 1, 20.00, '2025-03-17 14:51:40', 1, 10),
(365779, 1, 24, 5, 50.00, '2024-08-06 15:38:40', 1, 1),
(370299, 4, 4, 2, 56.99, '2024-06-19 17:21:40', 2, 6),
(370299, 4, 9, 10, 99.70, '2024-06-19 17:21:40', 2, 6),
(370299, 4, 12, 10, 50.00, '2024-06-19 17:21:40', 2, 6),
(370299, 4, 15, 1, 28.99, '2024-06-19 17:21:40', 2, 6),
(378027, 8, 4, 4, 56.99, '2024-10-20 15:31:40', 3, 12),
(378991, 4, 20, 6, 19.99, '2024-11-25 16:47:40', 1, 7),
(378991, 4, 25, 12, 20.00, '2024-11-25 16:47:40', 1, 7),
(379494, 7, 25, 3, 20.00, '2024-09-09 15:26:40', 2, 11),
(383518, 10, 8, 4, 124.99, '2024-03-19 16:44:40', 2, 15),
(392953, 5, 21, 4, 80.00, '2024-07-13 15:39:40', 1, 9),
(392953, 5, 23, 1, 20.00, '2024-07-13 15:39:40', 1, 9),
(399995, 10, 19, 5, 7.99, '2024-05-14 15:21:40', 2, 15),
(407756, 2, 8, 3, 124.99, '2025-03-13 17:00:53', 1, 4),
(407756, 2, 9, 10, 99.70, '2025-03-13 17:00:53', 1, 4),
(407756, 2, 11, 1, 274.98, '2025-03-13 17:00:53', 1, 4),
(407756, 2, 12, 7, 50.00, '2025-03-13 17:00:53', 1, 4),
(407756, 2, 13, 8, 20.00, '2025-03-13 17:00:53', 1, 4),
(407756, 2, 20, 5, 19.99, '2025-03-13 17:00:53', 1, 4),
(407756, 2, 23, 3, 20.00, '2025-03-13 17:00:53', 1, 4),
(413636, 7, 12, 8, 50.00, '2023-11-10 16:23:40', 2, 11),
(413636, 7, 17, 3, 50.00, '2023-11-10 16:23:40', 2, 11),
(421502, 7, 5, 7, 16.99, '2024-05-25 17:51:40', 3, 11),
(421502, 7, 12, 4, 50.00, '2024-05-25 17:51:40', 3, 11),
(421502, 7, 15, 8, 28.99, '2024-05-25 17:51:40', 3, 11),
(421502, 7, 20, 11, 19.99, '2024-05-25 17:51:40', 3, 11),
(421502, 7, 25, 9, 20.00, '2024-05-25 17:51:40', 3, 11),
(423055, 7, 10, 7, 1089.00, '2024-05-30 15:41:40', 2, 11),
(423055, 7, 23, 15, 20.00, '2024-05-30 15:41:40', 2, 11),
(428356, 2, 4, 7, 56.99, '2024-12-12 16:46:40', 3, 3),
(437197, 4, 21, 7, 80.00, '2025-03-17 14:45:40', 2, 6),
(439943, 9, 3, 6, 76.99, '2024-11-25 16:23:40', 1, 14),
(439943, 9, 6, 7, 44.99, '2024-11-25 16:23:40', 1, 14),
(439943, 9, 8, 18, 124.99, '2024-11-25 16:23:40', 1, 14),
(439943, 9, 10, 9, 1089.00, '2024-11-25 16:23:40', 1, 14),
(439943, 9, 11, 1, 274.98, '2024-11-25 16:23:40', 1, 14),
(439943, 9, 15, 4, 28.99, '2024-11-25 16:23:40', 1, 14),
(439943, 9, 16, 8, 99.99, '2024-11-25 16:23:40', 1, 14),
(439943, 9, 18, 8, 20.00, '2024-11-25 16:23:40', 1, 14),
(439943, 9, 22, 3, 50.00, '2024-11-25 16:23:40', 1, 14),
(439943, 9, 23, 1, 20.00, '2024-11-25 16:23:40', 1, 14),
(439943, 9, 24, 14, 50.00, '2024-11-25 16:23:40', 1, 14),
(441023, 10, 20, 9, 19.99, '2025-03-18 15:51:40', 1, 15),
(451013, 2, 12, 2, 50.00, '2025-03-18 15:36:40', 3, 4),
(451013, 2, 15, 7, 28.99, '2025-03-18 15:36:40', 3, 4),
(451013, 2, 24, 10, 50.00, '2025-03-18 15:36:40', 3, 4),
(451013, 2, 25, 6, 20.00, '2025-03-18 15:36:40', 3, 4),
(451090, 9, 6, 4, 44.99, '2024-01-18 16:51:40', 1, 14),
(451090, 9, 7, 4, 15.99, '2024-01-18 16:51:40', 1, 14),
(451090, 9, 20, 6, 19.99, '2024-01-18 16:51:40', 1, 14),
(451090, 9, 23, 4, 20.00, '2024-01-18 16:51:40', 1, 14),
(451794, 8, 12, 2, 50.00, '2023-11-28 17:21:40', 3, 13),
(451794, 8, 20, 10, 19.99, '2023-11-28 17:21:40', 3, 13),
(451794, 8, 24, 5, 50.00, '2023-11-28 17:21:40', 3, 13),
(489620, 6, 1, 9, 450.00, '2023-10-20 15:19:40', 1, 10),
(489620, 6, 2, 4, 380.00, '2023-10-20 15:19:40', 1, 10),
(489620, 6, 7, 1, 15.99, '2023-10-20 15:19:40', 1, 10),
(489620, 6, 12, 8, 50.00, '2023-10-20 15:19:40', 1, 10),
(489620, 6, 15, 7, 28.99, '2023-10-20 15:19:40', 1, 10),
(489620, 6, 18, 10, 20.00, '2023-10-20 15:19:40', 1, 10),
(489620, 6, 20, 3, 19.99, '2023-10-20 15:19:40', 1, 10),
(489620, 6, 24, 4, 50.00, '2023-10-20 15:19:40', 1, 10),
(489620, 6, 25, 10, 20.00, '2023-10-20 15:19:40', 1, 10),
(493462, 2, 13, 1, 20.00, '2025-03-17 14:45:40', 3, 3),
(495113, 6, 4, 10, 56.99, '2024-03-04 16:45:40', 1, 10),
(495113, 6, 18, 5, 20.00, '2024-03-04 16:45:40', 1, 10),
(495113, 6, 19, 1, 7.99, '2024-03-04 16:45:40', 1, 10),
(498943, 3, 16, 6, 99.99, '2024-09-04 15:38:40', 2, 5),
(514519, 3, 4, 6, 56.99, '2025-03-13 16:58:46', 2, 5),
(514519, 3, 7, 4, 15.99, '2025-03-13 16:58:46', 2, 5),
(514519, 3, 13, 1, 20.00, '2025-03-13 16:58:46', 2, 5),
(514519, 3, 19, 9, 7.99, '2025-03-13 16:58:46', 2, 5),
(514519, 3, 20, 4, 19.99, '2025-03-13 16:58:46', 2, 5),
(514519, 3, 25, 3, 20.00, '2025-03-13 16:58:46', 2, 5),
(526336, 8, 3, 1, 76.99, '2025-03-13 16:48:36', 3, 13),
(526336, 8, 4, 1, 56.99, '2025-03-13 16:48:36', 3, 13),
(526336, 8, 8, 1, 124.99, '2025-03-13 16:48:36', 3, 13),
(526336, 8, 9, 7, 99.70, '2025-03-13 16:48:36', 3, 13),
(526336, 8, 10, 19, 1089.00, '2025-03-13 16:48:36', 3, 13),
(526632, 6, 19, 3, 7.99, '2023-11-10 16:26:40', 1, 10),
(538486, 1, 16, 2, 99.99, '2024-09-16 15:34:40', 2, 2),
(540738, 7, 4, 19, 56.99, '2025-03-17 15:06:40', 3, 11),
(540738, 7, 13, 8, 20.00, '2025-03-17 15:06:40', 3, 11),
(540738, 7, 18, 7, 20.00, '2025-03-17 15:06:40', 3, 11),
(541641, 2, 13, 6, 20.00, '2024-08-14 15:39:40', 1, 3),
(546885, 4, 3, 4, 76.99, '2024-05-29 16:36:40', 1, 7),
(546885, 4, 4, 4, 56.99, '2024-05-29 16:36:40', 1, 7),
(546885, 4, 7, 9, 15.99, '2024-05-29 16:36:40', 1, 7),
(546885, 4, 10, 1, 1089.00, '2024-05-29 16:36:40', 1, 7),
(546885, 4, 21, 4, 80.00, '2024-05-29 16:36:40', 1, 7),
(546885, 4, 22, 3, 50.00, '2024-05-29 16:36:40', 1, 7),
(555868, 1, 2, 8, 380.00, '2025-03-18 15:51:40', 2, 1),
(555868, 1, 6, 6, 44.99, '2025-03-18 15:51:40', 2, 1),
(555868, 1, 14, 11, 10.00, '2025-03-18 15:51:40', 2, 1),
(555868, 1, 15, 6, 28.99, '2025-03-18 15:51:40', 2, 1),
(555868, 1, 24, 7, 50.00, '2025-03-18 15:51:40', 2, 1),
(558952, 3, 22, 4, 50.00, '2024-12-01 16:47:40', 2, 5),
(563017, 2, 1, 6, 450.00, '2023-11-13 18:21:40', 3, 4),
(563017, 2, 6, 10, 44.99, '2023-11-13 18:21:40', 3, 4),
(563017, 2, 12, 6, 50.00, '2023-11-13 18:21:40', 3, 4),
(563017, 2, 13, 5, 20.00, '2023-11-13 18:21:40', 3, 4),
(563017, 2, 14, 1, 10.00, '2023-11-13 18:21:40', 3, 4),
(563017, 2, 22, 1, 50.00, '2023-11-13 18:21:40', 3, 4),
(566894, 7, 2, 5, 380.00, '2024-08-13 15:39:40', 3, 11),
(566894, 7, 5, 10, 16.99, '2024-08-13 15:39:40', 3, 11),
(566894, 7, 15, 6, 28.99, '2024-08-13 15:39:40', 3, 11),
(587277, 9, 12, 3, 50.00, '2024-11-20 16:29:40', 1, 14),
(589561, 7, 2, 3, 380.00, '2025-03-17 14:46:40', 3, 11),
(589561, 7, 3, 10, 76.99, '2025-03-17 14:46:40', 3, 11),
(589561, 7, 4, 9, 56.99, '2025-03-17 14:46:40', 3, 11),
(589561, 7, 6, 10, 44.99, '2025-03-17 14:46:40', 3, 11),
(589561, 7, 7, 7, 15.99, '2025-03-17 14:46:40', 3, 11),
(589561, 7, 8, 4, 124.99, '2025-03-17 14:46:40', 3, 11),
(589561, 7, 13, 7, 20.00, '2025-03-17 14:46:40', 3, 11),
(589561, 7, 17, 9, 50.00, '2025-03-17 14:46:40', 3, 11),
(589561, 7, 20, 4, 19.99, '2025-03-17 14:46:40', 3, 11),
(606438, 10, 6, 3, 44.99, '2024-08-19 15:40:40', 1, 15),
(606438, 10, 22, 7, 50.00, '2024-08-19 15:40:40', 1, 15),
(606705, 3, 5, 9, 16.99, '2024-10-15 16:36:40', 2, 5),
(606705, 3, 6, 7, 44.99, '2024-10-15 16:36:40', 2, 5),
(606705, 3, 12, 8, 50.00, '2024-10-15 16:36:40', 2, 5),
(606705, 3, 16, 10, 99.99, '2024-10-15 16:36:40', 2, 5),
(610360, 8, 2, 10, 380.00, '2025-03-18 16:06:40', 3, 12),
(610360, 8, 5, 6, 16.99, '2025-03-18 16:06:40', 3, 12),
(634443, 6, 16, 3, 99.99, '2024-06-14 15:40:40', 1, 10),
(636773, 8, 1, 4, 450.00, '2025-03-17 14:47:40', 3, 12),
(636773, 8, 2, 4, 380.00, '2025-03-17 14:47:40', 3, 12),
(636773, 8, 4, 6, 56.99, '2025-03-17 14:47:40', 3, 12),
(636773, 8, 6, 15, 44.99, '2025-03-17 14:47:40', 3, 12),
(636773, 8, 8, 4, 124.99, '2025-03-17 14:47:40', 3, 12),
(636773, 8, 10, 29, 1089.00, '2025-03-17 14:47:40', 3, 12),
(636773, 8, 22, 3, 50.00, '2025-03-17 14:47:40', 3, 12),
(636773, 8, 23, 11, 20.00, '2025-03-17 14:47:40', 3, 12),
(667864, 6, 1, 1, 450.00, '2024-08-30 15:46:40', 1, 10),
(670139, 4, 9, 7, 99.70, '2025-03-17 14:20:16', 1, 6),
(670139, 4, 13, 8, 20.00, '2025-03-17 14:20:16', 1, 6),
(670139, 4, 14, 10, 10.00, '2025-03-17 14:20:16', 1, 6),
(670139, 4, 18, 8, 20.00, '2025-03-17 14:20:16', 1, 6),
(671673, 1, 14, 6, 10.00, '2024-10-19 15:22:40', 1, 1),
(674018, 8, 15, 5, 28.99, '2024-12-15 16:37:40', 3, 12),
(691170, 6, 24, 8, 50.00, '2024-10-03 17:36:40', 1, 10),
(693076, 5, 1, 10, 450.00, '2025-03-17 15:06:40', 1, 9),
(693076, 5, 4, 5, 56.99, '2025-03-17 15:06:40', 1, 9),
(693076, 5, 5, 7, 16.99, '2025-03-17 15:06:40', 1, 9),
(693076, 5, 7, 9, 15.99, '2025-03-17 15:06:40', 1, 9),
(693076, 5, 9, 7, 99.70, '2025-03-17 15:06:40', 1, 9),
(693076, 5, 14, 9, 10.00, '2025-03-17 15:06:40', 1, 9),
(693076, 5, 16, 11, 99.99, '2025-03-17 15:06:40', 1, 9),
(693076, 5, 18, 4, 20.00, '2025-03-17 15:06:40', 1, 9),
(693076, 5, 20, 4, 19.99, '2025-03-17 15:06:40', 1, 9),
(693076, 5, 25, 9, 20.00, '2025-03-17 15:06:40', 1, 9),
(693116, 8, 2, 4, 380.00, '2024-07-26 17:36:40', 3, 13),
(693116, 8, 5, 4, 16.99, '2024-07-26 17:36:40', 3, 13),
(693116, 8, 10, 7, 1089.00, '2024-07-26 17:36:40', 3, 13),
(693116, 8, 11, 6, 274.98, '2024-07-26 17:36:40', 3, 13),
(693116, 8, 13, 3, 20.00, '2024-07-26 17:36:40', 3, 13),
(693116, 8, 19, 7, 7.99, '2024-07-26 17:36:40', 3, 13),
(694509, 2, 3, 6, 76.99, '2023-11-18 16:34:40', 1, 4),
(698050, 3, 10, 1, 1089.00, '2024-02-26 16:44:40', 2, 5),
(698050, 3, 12, 6, 50.00, '2024-02-26 16:44:40', 2, 5),
(703275, 5, 23, 7, 20.00, '2024-05-04 15:41:40', 1, 9),
(704736, 1, 15, 4, 28.99, '2024-12-02 16:48:40', 1, 2),
(707054, 5, 5, 6, 16.99, '2024-09-26 15:32:40', 1, 9),
(707054, 5, 21, 7, 80.00, '2024-09-26 15:32:40', 1, 9),
(716160, 4, 8, 9, 124.99, '2024-06-07 15:40:40', 1, 8),
(716160, 4, 16, 1, 99.99, '2024-06-07 15:40:40', 1, 8),
(716160, 4, 22, 4, 50.00, '2024-06-07 15:40:40', 1, 8),
(719559, 8, 14, 10, 10.00, '2024-05-29 15:25:40', 3, 12),
(719559, 8, 19, 5, 7.99, '2024-05-29 15:25:40', 3, 12),
(738435, 6, 13, 1, 20.00, '2024-03-05 16:35:40', 1, 10),
(757636, 7, 6, 8, 44.99, '2024-03-22 16:19:40', 3, 11),
(757636, 7, 8, 1, 124.99, '2024-03-22 16:19:40', 3, 11),
(757636, 7, 15, 10, 28.99, '2024-03-22 16:19:40', 3, 11),
(757636, 7, 18, 9, 20.00, '2024-03-22 16:19:40', 3, 11),
(757636, 7, 22, 10, 50.00, '2024-03-22 16:19:40', 3, 11),
(757636, 7, 23, 3, 20.00, '2024-03-22 16:19:40', 3, 11),
(771188, 8, 6, 3, 44.99, '2024-05-01 15:30:40', 3, 13),
(771188, 8, 7, 3, 15.99, '2024-05-01 15:30:40', 3, 13),
(771188, 8, 22, 12, 50.00, '2024-05-01 15:30:40', 3, 13),
(773719, 8, 3, 9, 76.99, '2025-03-17 14:51:40', 3, 12),
(782506, 1, 6, 5, 44.99, '2024-07-24 17:36:40', 2, 2),
(782506, 1, 10, 10, 1089.00, '2024-07-24 17:36:40', 2, 2),
(782506, 1, 23, 5, 20.00, '2024-07-24 17:36:40', 2, 2),
(787779, 2, 12, 10, 50.00, '2024-12-28 16:27:40', 3, 3),
(788595, 10, 3, 9, 76.99, '2025-03-17 14:46:40', 1, 15),
(788595, 10, 5, 2, 16.99, '2025-03-17 14:46:40', 1, 15),
(788595, 10, 9, 10, 99.70, '2025-03-17 14:46:40', 1, 15),
(788595, 10, 10, 3, 1089.00, '2025-03-17 14:46:40', 1, 15),
(788595, 10, 11, 7, 274.98, '2025-03-17 14:46:40', 1, 15),
(788595, 10, 13, 4, 20.00, '2025-03-17 14:46:40', 1, 15),
(788595, 10, 14, 1, 10.00, '2025-03-17 14:46:40', 1, 15),
(788595, 10, 15, 3, 28.99, '2025-03-17 14:46:40', 1, 15),
(788595, 10, 19, 7, 7.99, '2025-03-17 14:46:40', 1, 15),
(788595, 10, 22, 10, 50.00, '2025-03-17 14:46:40', 1, 15),
(792324, 3, 2, 10, 380.00, '2025-03-18 16:06:40', 2, 5),
(799924, 7, 10, 8, 1089.00, '2024-01-09 16:34:40', 3, 11),
(799924, 7, 22, 9, 50.00, '2024-01-09 16:34:40', 3, 11),
(804587, 7, 4, 2, 56.99, '2024-01-17 17:06:40', 2, 11),
(804587, 7, 6, 2, 44.99, '2024-01-17 17:06:40', 2, 11),
(804587, 7, 11, 8, 274.98, '2024-01-17 17:06:40', 2, 11),
(804587, 7, 13, 4, 20.00, '2024-01-17 17:06:40', 2, 11),
(804587, 7, 18, 10, 20.00, '2024-01-17 17:06:40', 2, 11),
(804587, 7, 20, 5, 19.99, '2024-01-17 17:06:40', 2, 11),
(804587, 7, 21, 4, 80.00, '2024-01-17 17:06:40', 2, 11),
(812431, 10, 13, 5, 20.00, '2024-09-05 15:29:40', 2, 15),
(820821, 7, 7, 4, 15.99, '2024-01-24 16:36:40', 3, 11),
(824796, 1, 19, 9, 7.99, '2024-05-28 15:27:40', 1, 2),
(824796, 1, 20, 9, 19.99, '2024-05-28 15:27:40', 1, 2),
(824796, 1, 25, 7, 20.00, '2024-05-28 15:27:40', 1, 2),
(825201, 4, 12, 7, 50.00, '2024-08-10 15:42:40', 1, 8),
(825201, 4, 14, 3, 10.00, '2024-08-10 15:42:40', 1, 8),
(825201, 4, 16, 8, 99.99, '2024-08-10 15:42:40', 1, 8),
(830647, 9, 4, 1, 56.99, '2023-11-05 16:25:40', 1, 14),
(830647, 9, 12, 5, 50.00, '2023-11-05 16:25:40', 1, 14),
(830647, 9, 25, 1, 20.00, '2023-11-05 16:25:40', 1, 14),
(838817, 6, 3, 7, 76.99, '2024-04-10 18:06:40', 1, 10),
(838817, 6, 7, 2, 15.99, '2024-04-10 18:06:40', 1, 10),
(838817, 6, 20, 10, 19.99, '2024-04-10 18:06:40', 1, 10),
(838817, 6, 25, 10, 20.00, '2024-04-10 18:06:40', 1, 10),
(854085, 1, 21, 8, 80.00, '2024-01-03 16:43:40', 1, 1),
(854536, 6, 13, 4, 20.00, '2025-03-17 14:20:16', 1, 10),
(854536, 6, 16, 5, 99.99, '2025-03-17 14:20:16', 1, 10),
(854536, 6, 17, 3, 50.00, '2025-03-17 14:20:16', 1, 10),
(854536, 6, 18, 16, 20.00, '2025-03-17 14:20:16', 1, 10),
(854536, 6, 24, 8, 50.00, '2025-03-17 14:20:16', 1, 10),
(875112, 10, 10, 2, 1089.00, '2023-12-15 16:36:40', 2, 15),
(878018, 10, 4, 5, 56.99, '2024-05-15 15:45:40', 1, 15),
(904237, 3, 10, 5, 1089.00, '2025-03-18 15:36:40', 2, 5),
(909140, 6, 1, 7, 450.00, '2024-09-30 17:21:40', 1, 10),
(909140, 6, 23, 2, 20.00, '2024-09-30 17:21:40', 1, 10),
(909257, 4, 8, 9, 124.99, '2024-06-20 15:19:40', 3, 6),
(909257, 4, 10, 5, 1089.00, '2024-06-20 15:19:40', 3, 6),
(909257, 4, 23, 1, 20.00, '2024-06-20 15:19:40', 3, 6),
(909257, 4, 24, 7, 50.00, '2024-06-20 15:19:40', 3, 6),
(909257, 4, 25, 5, 20.00, '2024-06-20 15:19:40', 3, 6),
(916181, 8, 4, 4, 56.99, '2024-08-26 15:51:40', 3, 12),
(916254, 5, 9, 1, 99.70, '2025-03-18 15:51:40', 1, 9),
(916254, 5, 10, 6, 1089.00, '2025-03-18 15:51:40', 1, 9),
(918481, 9, 6, 5, 44.99, '2024-10-19 15:35:40', 1, 14),
(918481, 9, 9, 9, 99.70, '2024-10-19 15:35:40', 1, 14),
(918481, 9, 12, 1, 50.00, '2024-10-19 15:35:40', 1, 14),
(934413, 7, 5, 8, 16.99, '2024-01-06 16:29:40', 3, 11),
(934413, 7, 25, 2, 20.00, '2024-01-06 16:29:40', 3, 11),
(937599, 7, 8, 10, 124.99, '2024-08-19 15:44:40', 3, 11),
(937599, 7, 24, 3, 50.00, '2024-08-19 15:44:40', 3, 11),
(937599, 7, 25, 10, 20.00, '2024-08-19 15:44:40', 3, 11),
(940468, 5, 16, 7, 99.99, '2024-07-03 15:51:40', 1, 9),
(940468, 5, 17, 3, 50.00, '2024-07-03 15:51:40', 1, 9),
(943083, 5, 22, 1, 50.00, '2025-03-13 16:54:57', 1, 9),
(943083, 5, 24, 8, 50.00, '2025-03-13 16:54:57', 1, 9),
(960570, 10, 4, 3, 56.99, '2025-03-18 15:36:40', 1, 15),
(960570, 10, 5, 3, 16.99, '2025-03-18 15:36:40', 1, 15),
(960570, 10, 9, 10, 99.70, '2025-03-18 15:36:40', 1, 15),
(960570, 10, 15, 7, 28.99, '2025-03-18 15:36:40', 1, 15),
(965977, 6, 15, 3, 28.99, '2024-07-02 15:31:40', 1, 10),
(979515, 5, 19, 2, 7.99, '2024-02-29 16:35:40', 1, 9),
(979515, 5, 20, 3, 19.99, '2024-02-29 16:35:40', 1, 9),
(984116, 3, 7, 3, 15.99, '2024-10-15 15:24:40', 2, 5),
(984116, 3, 21, 4, 80.00, '2024-10-15 15:24:40', 2, 5),
(985996, 7, 3, 3, 76.99, '2025-03-18 16:06:40', 2, 11),
(985996, 7, 8, 6, 124.99, '2025-03-18 16:06:40', 2, 11),
(985996, 7, 10, 7, 1089.00, '2025-03-18 16:06:40', 2, 11),
(985996, 7, 21, 7, 80.00, '2025-03-18 16:06:40', 2, 11),
(985996, 7, 22, 10, 50.00, '2025-03-18 16:06:40', 2, 11),
(990905, 2, 25, 6, 20.00, '2024-01-21 16:37:40', 3, 3),
(992671, 10, 1, 4, 450.00, '2024-09-04 18:06:40', 1, 15),
(992671, 10, 9, 4, 99.70, '2024-09-04 18:06:40', 1, 15),
(999331, 4, 1, 1, 450.00, '2025-03-13 16:55:52', 3, 8),
(999331, 4, 2, 1, 380.00, '2025-03-13 16:55:52', 3, 8),
(1001662, 10, 1, 4, 450.00, '2024-11-11 16:30:40', 1, 15),
(1004162, 1, 1, 4, 450.00, '2024-02-24 16:20:40', 1, 1),
(1004162, 1, 15, 8, 28.99, '2024-02-24 16:20:40', 1, 1),
(1004162, 1, 17, 5, 50.00, '2024-02-24 16:20:40', 1, 1),
(1004162, 1, 20, 9, 19.99, '2024-02-24 16:20:40', 1, 1),
(1004162, 1, 21, 10, 80.00, '2024-02-24 16:20:40', 1, 1),
(1004162, 1, 22, 2, 50.00, '2024-02-24 16:20:40', 1, 1),
(1004162, 1, 24, 5, 50.00, '2024-02-24 16:20:40', 1, 1),
(1004162, 1, 25, 6, 20.00, '2024-02-24 16:20:40', 1, 1),
(1027387, 1, 7, 10, 15.99, '2023-12-14 18:06:40', 2, 2),
(1027387, 1, 8, 8, 124.99, '2023-12-14 18:06:40', 2, 2),
(1027387, 1, 14, 7, 10.00, '2023-12-14 18:06:40', 2, 2),
(1027387, 1, 17, 6, 50.00, '2023-12-14 18:06:40', 2, 2),
(1027387, 1, 21, 5, 80.00, '2023-12-14 18:06:40', 2, 2),
(1027387, 1, 24, 10, 50.00, '2023-12-14 18:06:40', 2, 2),
(1039697, 6, 1, 9, 450.00, '2024-09-27 15:23:40', 1, 10),
(1039697, 6, 13, 8, 20.00, '2024-09-27 15:23:40', 1, 10),
(1039697, 6, 17, 6, 50.00, '2024-09-27 15:23:40', 1, 10),
(1043486, 8, 9, 2, 99.70, '2024-04-27 17:06:40', 3, 12),
(1043486, 8, 12, 8, 50.00, '2024-04-27 17:06:40', 3, 12),
(1043486, 8, 18, 1, 20.00, '2024-04-27 17:06:40', 3, 12),
(1043486, 8, 21, 8, 80.00, '2024-04-27 17:06:40', 3, 12),
(1043930, 2, 16, 10, 99.99, '2024-07-02 15:36:40', 1, 4),
(1045310, 2, 25, 3, 20.00, '2024-05-02 15:43:40', 1, 3),
(1045943, 7, 13, 10, 20.00, '2024-05-17 15:22:40', 3, 11),
(1045943, 7, 21, 4, 80.00, '2024-05-17 15:22:40', 3, 11),
(1045943, 7, 25, 9, 20.00, '2024-05-17 15:22:40', 3, 11),
(1048976, 3, 1, 7, 450.00, '2024-07-16 17:51:40', 2, 5),
(1048976, 3, 5, 18, 16.99, '2024-07-16 17:51:40', 2, 5),
(1048976, 3, 18, 20, 20.00, '2024-07-16 17:51:40', 2, 5),
(1048976, 3, 21, 1, 80.00, '2024-07-16 17:51:40', 2, 5),
(1048976, 3, 25, 3, 20.00, '2024-07-16 17:51:40', 2, 5),
(1062656, 4, 10, 3, 1089.00, '2023-12-19 16:31:40', 2, 7),
(1063879, 7, 5, 7, 16.99, '2024-09-15 15:47:40', 3, 11),
(1063879, 7, 8, 5, 124.99, '2024-09-15 15:47:40', 3, 11),
(1063879, 7, 22, 7, 50.00, '2024-09-15 15:47:40', 3, 11),
(1066853, 3, 3, 4, 76.99, '2024-02-17 16:22:40', 2, 5),
(1066853, 3, 5, 11, 16.99, '2024-02-17 16:22:40', 2, 5),
(1066853, 3, 6, 6, 44.99, '2024-02-17 16:22:40', 2, 5),
(1066853, 3, 9, 6, 99.70, '2024-02-17 16:22:40', 2, 5),
(1066853, 3, 12, 8, 50.00, '2024-02-17 16:22:40', 2, 5),
(1066853, 3, 14, 9, 10.00, '2024-02-17 16:22:40', 2, 5),
(1066853, 3, 16, 4, 99.99, '2024-02-17 16:22:40', 2, 5),
(1066853, 3, 19, 11, 7.99, '2024-02-17 16:22:40', 2, 5),
(1066853, 3, 20, 2, 19.99, '2024-02-17 16:22:40', 2, 5),
(1066853, 3, 23, 6, 20.00, '2024-02-17 16:22:40', 2, 5),
(1066853, 3, 25, 2, 20.00, '2024-02-17 16:22:40', 2, 5),
(1066922, 3, 2, 9, 380.00, '2023-11-22 16:37:40', 2, 5),
(1066922, 3, 11, 7, 274.98, '2023-11-22 16:37:40', 2, 5),
(1068354, 10, 5, 9, 16.99, '2024-01-24 17:06:40', 2, 15),
(1068354, 10, 17, 8, 50.00, '2024-01-24 17:06:40', 2, 15),
(1068354, 10, 18, 10, 20.00, '2024-01-24 17:06:40', 2, 15),
(1068354, 10, 24, 10, 50.00, '2024-01-24 17:06:40', 2, 15),
(1083045, 5, 1, 4, 450.00, '2024-10-31 16:20:40', 1, 9),
(1083045, 5, 6, 10, 44.99, '2024-10-31 16:20:40', 1, 9),
(1083045, 5, 8, 10, 124.99, '2024-10-31 16:20:40', 1, 9),
(1083045, 5, 19, 9, 7.99, '2024-10-31 16:20:40', 1, 9),
(1083045, 5, 21, 6, 80.00, '2024-10-31 16:20:40', 1, 9),
(1083045, 5, 22, 13, 50.00, '2024-10-31 16:20:40', 1, 9),
(1083045, 5, 25, 5, 20.00, '2024-10-31 16:20:40', 1, 9),
(1084216, 2, 24, 6, 50.00, '2024-10-19 15:42:40', 1, 4);

-- --------------------------------------------------------

--
-- Stand-in structure for view `orders_view`
-- (See below for the actual view)
--
CREATE TABLE `orders_view` (
`order_number` int(11)
,`customer_id` int(11)
,`product_id` int(11)
,`product_name` varchar(100)
,`quantity` int(11)
,`unit_price` decimal(10,2)
,`subtotal` decimal(20,2)
);

-- --------------------------------------------------------

--
-- Table structure for table `parent_categories`
--

CREATE TABLE `parent_categories` (
  `parent_category_id` int(11) NOT NULL,
  `parent_category_name` varchar(100) DEFAULT NULL
) ENGINE=InnoDB DEFAULT CHARSET=utf8mb4 COLLATE=utf8mb4_general_ci;

--
-- Dumping data for table `parent_categories`
--

INSERT INTO `parent_categories` (`parent_category_id`, `parent_category_name`) VALUES
(1, 'Main'),
(2, 'PC'),
(3, 'Smartphones'),
(4, 'Consoles');

-- --------------------------------------------------------

--
-- Table structure for table `payments`
--

CREATE TABLE `payments` (
  `payment_id` int(11) NOT NULL,
  `payment_method` enum('Credit card','Paypal','Bizum') DEFAULT NULL
) ENGINE=InnoDB DEFAULT CHARSET=utf8mb4 COLLATE=utf8mb4_general_ci;

--
-- Dumping data for table `payments`
--

INSERT INTO `payments` (`payment_id`, `payment_method`) VALUES
(1, 'Credit card'),
(2, 'Paypal'),
(3, 'Bizum');

-- --------------------------------------------------------

--
-- Table structure for table `products`
--

CREATE TABLE `products` (
  `product_id` int(11) NOT NULL,
  `product_name` varchar(100) DEFAULT NULL,
  `unit_price` decimal(10,2) DEFAULT NULL,
  `parent_category_id` int(11) DEFAULT NULL
) ENGINE=InnoDB DEFAULT CHARSET=utf8mb4 COLLATE=utf8mb4_general_ci;

--
-- Dumping data for table `products`
--

INSERT INTO `products` (`product_id`, `product_name`, `unit_price`, `parent_category_id`) VALUES
(1, 'PlayStation 5', 450.00, 4),
(2, 'Xbox One', 380.00, 4),
(3, 'Steelseries Apex 3 - Gaming Keyboard', 76.99, 2),
(4, 'Forgeon Clutch - Gaming Keyboard)', 56.99, 2),
(5, 'Essential RetroWave Keyboard', 16.99, 2),
(6, 'Logitech G203 - Gaming Mouse', 44.99, 2),
(7, 'Tempest X14 Warden - Gaming Mouse', 15.99, 2),
(8, 'Alurin CoreVision 24 FHD 23.8\"', 124.99, 2),
(9, 'MSI PRO MP225 21.5\"', 99.70, 2),
(10, 'Apple iPhone 16 256GB', 1089.00, 3),
(11, 'Xiaomi Redmi Note 13 Pro 512GB', 274.98, 3),
(12, 'PSN Gift Card 50€', 50.00, 4),
(13, 'PSN Gift Card 20€', 20.00, 4),
(14, 'PS Plus 1 Month', 10.00, 4),
(15, 'PS Plus 3 Months', 28.99, 4),
(16, 'PS Plus 1 Year', 99.99, 4),
(17, 'Xbox Gift Card 50€', 50.00, 4),
(18, 'Xbox Gift Card 20€', 20.00, 4),
(19, 'Game Pass 1 Month', 7.99, 4),
(20, 'Game Pass 3 Months', 19.99, 4),
(21, 'Game Pass 1 Year', 80.00, 4),
(22, 'Steam Gift Card 50€', 50.00, 2),
(23, 'Steam Gift Card 20€', 20.00, 2),
(24, 'Epic Store Gift Card 50€', 50.00, 2),
(25, 'Epic Store Gift Card 20€', 20.00, 2);

-- --------------------------------------------------------

--
-- Table structure for table `products_categories`
--

CREATE TABLE `products_categories` (
  `product_id` int(11) NOT NULL,
  `category_id` int(11) NOT NULL
) ENGINE=InnoDB DEFAULT CHARSET=utf8mb4 COLLATE=utf8mb4_general_ci;

--
-- Dumping data for table `products_categories`
--

INSERT INTO `products_categories` (`product_id`, `category_id`) VALUES
(1, 1),
(1, 2),
(2, 1),
(2, 3),
(3, 1),
(3, 6),
(4, 1),
(4, 6),
(5, 6),
(6, 1),
(6, 7),
(7, 1),
(7, 7),
(8, 1),
(8, 8),
(9, 1),
(9, 8),
(10, 10),
(11, 9),
(12, 1),
(12, 2),
(13, 1),
(13, 2),
(14, 1),
(14, 2),
(15, 1),
(15, 2),
(16, 1),
(16, 2),
(17, 1),
(17, 3),
(18, 1),
(18, 3),
(19, 1),
(19, 3),
(20, 1),
(20, 3),
(21, 1),
(21, 3),
(22, 1),
(22, 4),
(23, 1),
(23, 4),
(24, 1),
(24, 5),
(25, 1),
(25, 5);

-- --------------------------------------------------------

--
-- Stand-in structure for view `products_total_income_view`
-- (See below for the actual view)
--
CREATE TABLE `products_total_income_view` (
`product_id` int(11)
,`product_name` varchar(100)
,`unit_price` decimal(10,2)
,`parent_category_id` int(11)
,`total_income` decimal(42,2)
);

-- --------------------------------------------------------

--
-- Stand-in structure for view `products_view`
-- (See below for the actual view)
--
CREATE TABLE `products_view` (
`product_id` int(11)
,`product_name` varchar(100)
,`unit_price` decimal(10,2)
,`parent_category_name` varchar(100)
);

-- --------------------------------------------------------

--
-- Stand-in structure for view `quarter_total_income_view`
-- (See below for the actual view)
--
CREATE TABLE `quarter_total_income_view` (
`year` int(4)
,`quarter` int(1)
,`total_income` decimal(42,2)
);

-- --------------------------------------------------------

--
-- Table structure for table `shopping_cart`
--

CREATE TABLE `shopping_cart` (
  `customer_id` int(11) NOT NULL,
  `product_id` int(11) NOT NULL,
  `quantity` int(11) DEFAULT NULL,
  `inserted_on` timestamp NOT NULL DEFAULT current_timestamp()
) ENGINE=InnoDB DEFAULT CHARSET=utf8mb4 COLLATE=utf8mb4_general_ci;

--
-- Dumping data for table `shopping_cart`
--

INSERT INTO `shopping_cart` (`customer_id`, `product_id`, `quantity`, `inserted_on`) VALUES
(1, 8, 4, '2024-01-22 18:51:40'),
(1, 12, 9, '2024-06-20 18:06:40'),
(1, 20, 9, '2024-05-19 17:51:40'),
(1, 25, 6, '2024-08-18 17:51:40'),
(2, 12, 1, '2024-07-28 17:51:40'),
(2, 14, 5, '2024-11-24 18:51:40'),
(2, 17, 10, '2024-01-23 18:36:40'),
(2, 18, 7, '2024-10-14 17:36:40'),
(3, 15, 5, '2024-09-06 18:06:40'),
(5, 12, 2, '2024-05-14 18:06:40'),
(5, 14, 8, '2024-04-13 17:51:40'),
(5, 16, 6, '2024-12-03 19:06:40'),
(8, 10, 12, '2024-07-05 18:06:40'),
(8, 12, 1, '2024-04-23 18:06:40'),
(8, 23, 9, '2023-11-08 19:06:40'),
(9, 3, 1, '2024-02-10 18:06:40'),
(9, 14, 8, '2024-12-15 18:21:40'),
(9, 19, 2, '2023-11-27 18:51:40'),
(9, 23, 6, '2024-01-01 18:06:40');

-- --------------------------------------------------------

--
-- Stand-in structure for view `shopping_cart_view`
-- (See below for the actual view)
--
CREATE TABLE `shopping_cart_view` (
`customer_id` int(11)
,`product_id` int(11)
,`product_name` varchar(100)
,`quantity` int(11)
,`unit_price` decimal(10,2)
,`subtotal` decimal(20,2)
);

-- --------------------------------------------------------

--
-- Stand-in structure for view `units_sold_view`
-- (See below for the actual view)
--
CREATE TABLE `units_sold_view` (
`product_id` int(11)
,`product_name` varchar(100)
,`unit_price` decimal(10,2)
,`parent_category_id` int(11)
,`units_sold` decimal(32,0)
);

-- --------------------------------------------------------

--
-- Stand-in structure for view `year_total_income_view`
-- (See below for the actual view)
--
CREATE TABLE `year_total_income_view` (
`year` int(4)
,`total_income` decimal(42,2)
);

-- --------------------------------------------------------

--
-- Structure for view `categories_view`
--
DROP TABLE IF EXISTS `categories_view`;

CREATE ALGORITHM=UNDEFINED DEFINER=`root`@`localhost` SQL SECURITY DEFINER VIEW `categories_view`  AS SELECT `c`.`category_id` AS `category_id`, `p`.`parent_category_id` AS `parent_category_id`, `c`.`category_name` AS `category_name`, `p`.`parent_category_name` AS `parent_category_name` FROM (`categories` `c` join `parent_categories` `p` on(`c`.`parent_category_id` = `p`.`parent_category_id`)) ;

-- --------------------------------------------------------

--
-- Structure for view `customers_total_income_view`
--
DROP TABLE IF EXISTS `customers_total_income_view`;

CREATE ALGORITHM=UNDEFINED DEFINER=`root`@`localhost` SQL SECURITY DEFINER VIEW `customers_total_income_view`  AS SELECT `c`.`customer_id` AS `customer_id`, `c`.`forename` AS `forename`, `c`.`surname` AS `surname`, sum(`o`.`unit_price` * `o`.`quantity`) AS `total_income` FROM (`customers` `c` join `orders` `o` on(`c`.`customer_id` = `o`.`customer_id`)) GROUP BY `c`.`customer_id` ORDER BY sum(`o`.`unit_price` * `o`.`quantity`) DESC ;

-- --------------------------------------------------------

--
-- Structure for view `orders_view`
--
DROP TABLE IF EXISTS `orders_view`;

CREATE ALGORITHM=UNDEFINED DEFINER=`root`@`localhost` SQL SECURITY DEFINER VIEW `orders_view`  AS SELECT `o`.`order_number` AS `order_number`, `o`.`customer_id` AS `customer_id`, `o`.`product_id` AS `product_id`, `p`.`product_name` AS `product_name`, `o`.`quantity` AS `quantity`, `o`.`unit_price` AS `unit_price`, `o`.`quantity`* `o`.`unit_price` AS `subtotal` FROM (`orders` `o` join `products` `p` on(`o`.`product_id` = `p`.`product_id`)) ;

-- --------------------------------------------------------

--
-- Structure for view `products_total_income_view`
--
DROP TABLE IF EXISTS `products_total_income_view`;

CREATE ALGORITHM=UNDEFINED DEFINER=`root`@`localhost` SQL SECURITY DEFINER VIEW `products_total_income_view`  AS SELECT `p`.`product_id` AS `product_id`, `p`.`product_name` AS `product_name`, `p`.`unit_price` AS `unit_price`, `p`.`parent_category_id` AS `parent_category_id`, sum(`o`.`subtotal`) AS `total_income` FROM (`products` `p` join `orders_view` `o` on(`p`.`product_id` = `o`.`product_id`)) GROUP BY `p`.`product_id` ORDER BY sum(`o`.`subtotal`) DESC ;

-- --------------------------------------------------------

--
-- Structure for view `products_view`
--
DROP TABLE IF EXISTS `products_view`;

CREATE ALGORITHM=UNDEFINED DEFINER=`root`@`localhost` SQL SECURITY DEFINER VIEW `products_view`  AS SELECT `pr`.`product_id` AS `product_id`, `pr`.`product_name` AS `product_name`, `pr`.`unit_price` AS `unit_price`, `pa`.`parent_category_name` AS `parent_category_name` FROM (`products` `pr` join `parent_categories` `pa` on(`pr`.`parent_category_id` = `pa`.`parent_category_id`)) ;

-- --------------------------------------------------------

--
-- Structure for view `quarter_total_income_view`
--
DROP TABLE IF EXISTS `quarter_total_income_view`;

CREATE ALGORITHM=UNDEFINED DEFINER=`root`@`localhost` SQL SECURITY DEFINER VIEW `quarter_total_income_view`  AS SELECT year(`orders`.`placed_on`) AS `year`, quarter(`orders`.`placed_on`) AS `quarter`, sum(`orders`.`quantity` * `orders`.`unit_price`) AS `total_income` FROM `orders` GROUP BY year(`orders`.`placed_on`), quarter(`orders`.`placed_on`) ORDER BY year(`orders`.`placed_on`) DESC, quarter(`orders`.`placed_on`) ASC ;

-- --------------------------------------------------------

--
-- Structure for view `shopping_cart_view`
--
DROP TABLE IF EXISTS `shopping_cart_view`;

CREATE ALGORITHM=UNDEFINED DEFINER=`root`@`localhost` SQL SECURITY DEFINER VIEW `shopping_cart_view`  AS SELECT `s`.`customer_id` AS `customer_id`, `s`.`product_id` AS `product_id`, `p`.`product_name` AS `product_name`, `s`.`quantity` AS `quantity`, `p`.`unit_price` AS `unit_price`, `s`.`quantity`* `p`.`unit_price` AS `subtotal` FROM (`shopping_cart` `s` join `products` `p` on(`s`.`product_id` = `p`.`product_id`)) ;

-- --------------------------------------------------------

--
-- Structure for view `units_sold_view`
--
DROP TABLE IF EXISTS `units_sold_view`;

CREATE ALGORITHM=UNDEFINED DEFINER=`root`@`localhost` SQL SECURITY DEFINER VIEW `units_sold_view`  AS SELECT `p`.`product_id` AS `product_id`, `p`.`product_name` AS `product_name`, `p`.`unit_price` AS `unit_price`, `p`.`parent_category_id` AS `parent_category_id`, sum(`o`.`quantity`) AS `units_sold` FROM (`products` `p` join `orders` `o` on(`p`.`product_id` = `o`.`product_id`)) GROUP BY `p`.`product_id` ORDER BY sum(`o`.`quantity`) DESC ;

-- --------------------------------------------------------

--
-- Structure for view `year_total_income_view`
--
DROP TABLE IF EXISTS `year_total_income_view`;

CREATE ALGORITHM=UNDEFINED DEFINER=`root`@`localhost` SQL SECURITY DEFINER VIEW `year_total_income_view`  AS SELECT year(`orders`.`placed_on`) AS `year`, sum(`orders`.`quantity` * `orders`.`unit_price`) AS `total_income` FROM `orders` GROUP BY year(`orders`.`placed_on`) ORDER BY year(`orders`.`placed_on`) DESC ;

--
-- Indexes for dumped tables
--

--
-- Indexes for table `addresses`
--
ALTER TABLE `addresses`
  ADD PRIMARY KEY (`address_id`),
  ADD KEY `customer_id` (`customer_id`);

--
-- Indexes for table `categories`
--
ALTER TABLE `categories`
  ADD PRIMARY KEY (`category_id`),
  ADD KEY `parent_category_id` (`parent_category_id`);

--
-- Indexes for table `customers`
--
ALTER TABLE `customers`
  ADD PRIMARY KEY (`customer_id`);

--
-- Indexes for table `customer_addresses`
--
ALTER TABLE `customer_addresses`
  ADD PRIMARY KEY (`customer_id`,`address_id`),
  ADD KEY `address_id` (`address_id`);

--
-- Indexes for table `customer_payments`
--
ALTER TABLE `customer_payments`
  ADD PRIMARY KEY (`customer_id`,`payment_id`),
  ADD KEY `payment_id` (`payment_id`);

--
-- Indexes for table `orders`
--
ALTER TABLE `orders`
  ADD PRIMARY KEY (`order_number`,`customer_id`,`product_id`),
  ADD KEY `customer_id` (`customer_id`),
  ADD KEY `product_id` (`product_id`),
  ADD KEY `payment_id` (`payment_id`),
  ADD KEY `address_id` (`address_id`);

--
-- Indexes for table `parent_categories`
--
ALTER TABLE `parent_categories`
  ADD PRIMARY KEY (`parent_category_id`);

--
-- Indexes for table `payments`
--
ALTER TABLE `payments`
  ADD PRIMARY KEY (`payment_id`);

--
-- Indexes for table `products`
--
ALTER TABLE `products`
  ADD PRIMARY KEY (`product_id`),
  ADD KEY `parent_category_id` (`parent_category_id`);

--
-- Indexes for table `products_categories`
--
ALTER TABLE `products_categories`
  ADD PRIMARY KEY (`product_id`,`category_id`),
  ADD KEY `category_id` (`category_id`);

--
-- Indexes for table `shopping_cart`
--
ALTER TABLE `shopping_cart`
  ADD PRIMARY KEY (`customer_id`,`product_id`),
  ADD KEY `product_id` (`product_id`);

--
-- AUTO_INCREMENT for dumped tables
--

--
-- AUTO_INCREMENT for table `addresses`
--
ALTER TABLE `addresses`
  MODIFY `address_id` int(11) NOT NULL AUTO_INCREMENT, AUTO_INCREMENT=16;

--
-- AUTO_INCREMENT for table `categories`
--
ALTER TABLE `categories`
  MODIFY `category_id` int(11) NOT NULL AUTO_INCREMENT, AUTO_INCREMENT=12;

--
-- AUTO_INCREMENT for table `customers`
--
ALTER TABLE `customers`
  MODIFY `customer_id` int(11) NOT NULL AUTO_INCREMENT, AUTO_INCREMENT=11;

--
-- AUTO_INCREMENT for table `parent_categories`
--
ALTER TABLE `parent_categories`
  MODIFY `parent_category_id` int(11) NOT NULL AUTO_INCREMENT, AUTO_INCREMENT=5;

--
-- AUTO_INCREMENT for table `payments`
--
ALTER TABLE `payments`
  MODIFY `payment_id` int(11) NOT NULL AUTO_INCREMENT, AUTO_INCREMENT=17;

--
-- AUTO_INCREMENT for table `products`
--
ALTER TABLE `products`
  MODIFY `product_id` int(11) NOT NULL AUTO_INCREMENT, AUTO_INCREMENT=26;

--
-- Constraints for dumped tables
--

--
-- Constraints for table `addresses`
--
ALTER TABLE `addresses`
  ADD CONSTRAINT `addresses_ibfk_1` FOREIGN KEY (`customer_id`) REFERENCES `customers` (`customer_id`);

--
-- Constraints for table `categories`
--
ALTER TABLE `categories`
  ADD CONSTRAINT `categories_ibfk_1` FOREIGN KEY (`parent_category_id`) REFERENCES `parent_categories` (`parent_category_id`);

--
-- Constraints for table `customer_addresses`
--
ALTER TABLE `customer_addresses`
  ADD CONSTRAINT `customer_addresses_ibfk_1` FOREIGN KEY (`customer_id`) REFERENCES `customers` (`customer_id`),
  ADD CONSTRAINT `customer_addresses_ibfk_2` FOREIGN KEY (`address_id`) REFERENCES `addresses` (`address_id`);

--
-- Constraints for table `customer_payments`
--
ALTER TABLE `customer_payments`
  ADD CONSTRAINT `customer_payments_ibfk_1` FOREIGN KEY (`customer_id`) REFERENCES `customers` (`customer_id`),
  ADD CONSTRAINT `customer_payments_ibfk_2` FOREIGN KEY (`payment_id`) REFERENCES `payments` (`payment_id`);

--
-- Constraints for table `orders`
--
ALTER TABLE `orders`
  ADD CONSTRAINT `orders_ibfk_1` FOREIGN KEY (`customer_id`) REFERENCES `customers` (`customer_id`),
  ADD CONSTRAINT `orders_ibfk_2` FOREIGN KEY (`product_id`) REFERENCES `products` (`product_id`),
  ADD CONSTRAINT `orders_ibfk_3` FOREIGN KEY (`payment_id`) REFERENCES `payments` (`payment_id`),
  ADD CONSTRAINT `orders_ibfk_4` FOREIGN KEY (`address_id`) REFERENCES `addresses` (`address_id`);

--
-- Constraints for table `products`
--
ALTER TABLE `products`
  ADD CONSTRAINT `products_ibfk_1` FOREIGN KEY (`parent_category_id`) REFERENCES `parent_categories` (`parent_category_id`);

--
-- Constraints for table `products_categories`
--
ALTER TABLE `products_categories`
  ADD CONSTRAINT `products_categories_ibfk_1` FOREIGN KEY (`product_id`) REFERENCES `products` (`product_id`),
  ADD CONSTRAINT `products_categories_ibfk_2` FOREIGN KEY (`category_id`) REFERENCES `categories` (`category_id`);

--
-- Constraints for table `shopping_cart`
--
ALTER TABLE `shopping_cart`
  ADD CONSTRAINT `shopping_cart_ibfk_1` FOREIGN KEY (`customer_id`) REFERENCES `customers` (`customer_id`),
  ADD CONSTRAINT `shopping_cart_ibfk_2` FOREIGN KEY (`product_id`) REFERENCES `products` (`product_id`);

DELIMITER $$
--
-- Events
--
CREATE DEFINER=`root`@`localhost` EVENT `onlineShopEvent` ON SCHEDULE EVERY 15 MINUTE STARTS '2025-03-17 15:36:40' ENDS '2025-03-31 17:56:57' ON COMPLETION PRESERVE ENABLE DO CALL shoppingEvent(15,3)$$

DELIMITER ;
COMMIT;

/*!40101 SET CHARACTER_SET_CLIENT=@OLD_CHARACTER_SET_CLIENT */;
/*!40101 SET CHARACTER_SET_RESULTS=@OLD_CHARACTER_SET_RESULTS */;
/*!40101 SET COLLATION_CONNECTION=@OLD_COLLATION_CONNECTION */;
